Thrust (N),0.0,2.0,4.0,6.0,8.0,10.0,12.0,14.0,16.0,18.0,20.0,22.0,24.0,26.0,28.0,30.0,32.0,34.0,36.0,38.0,40.0,42.0,44.0,46.0,48.0,50.0,52.0,54.0,56.0,58.0,60.0,62.0,64.0,66.0,68.0,70.0,72.0,74.0,76.0,78.0,80.0,82.0,84.0,86.0,88.0,90.0,92.0,94.0,96.0,98.0,100.0,102.0,104.0,106.0,108.0,110.0,112.0,114.0,116.0,118.0,120.0,122.0,124.0,126.0,128.0,130.0,132.0,134.0,136.0,138.0,140.0,142.0,144.0,146.0,148.0,150.0,152.0,154.0,156.0,158.0,160.0,162.0,164.0,166.0,168.0,170.0,172.0,174.0,176.0,178.0,180.0
0.0,,,,,,,,,,,,,,,,,,,,,,,,,,,,,,,,,,,,,,,,,,,,,,,,,,,,,,,,,,,,,,,,,,,,,,,,,,,,,,,,,,,,,,,,,,,
4.94,,,,,,,,,,,,,,,,,,,,,,,,,,,,,,,,,,,,,,,,,627.4342181066252,602.5459803782808,1579.1776932326404,622.6039688956638,625.140746644514,627.2234688815375,706.8457203163246,606.9605339468493,607.992722412487,624.6322148255002,607.972549926508,635.4458414220815,602.9011248112297,606.167906003486,627.7625932691468,603.8607319536139,613.9083262743077,610.6304757493838,612.6568085182234,607.6849255522657,641.1570387809608,600.7877968976127,619.9762862643349,610.1957760306752,627.6743069599727,604.9100835617116,644.1589879536018,609.8137970645408,603.9757832794675,608.8260168267846,643.2896569619284,637.3991582234481,602.702242386365,609.3528342960346,603.7310254710295,603.0866634306067,605.8923966515249,607.9711829766229,602.0680115720046,603.8336081351835,606.4286470747043,605.510296321271,602.5659091436759,608.5882949551456,604.5296116187163,600.7690646035599,605.7830852402843,607.5603556191186,600.7426079954471,609.1531123264822,601.5586786746999
9.89,710.4623338702075,709.8448363242343,709.2304916053574,708.619374088049,708.0115584109342,707.3990106617134,706.9741103476555,706.7243912029317,706.4661615801697,706.1990276870854,705.9561188161686,705.7195917833105,705.1885351855332,704.6849465698956,704.1853904086379,703.6942940943096,703.2134414557239,702.9299229422979,702.7167631641498,702.5094258740374,702.3167894500867,702.1305168664795,702.0289112262343,702.1976177782606,702.3952417732446,702.6718041888142,702.9613498419012,703.2491960004719,602.798330763896,604.8170740282831,604.2164022769779,622.1142805580016,606.0602147504119,600.6319299699182,614.6184228775197,601.6977571563818,606.4500846085114,607.5032548040854,601.0800317599645,602.1058022034085,603.6806623614441,601.1373695532441,600.6784750062768,601.2977317394447,601.392454296579,600.2780169851609,600.5919050664158,600.7589260762975,600.1686394712191,600.439165449274,600.6746325966802,600.0629820219534,600.5629332557535,600.2121728747926,600.3983146688828,600.0038448825289,600.4051289777676,603.2682099182633,603.5981282892798,613.7684250243163,623.3730985491267,633.1518044108404,642.5759610667075,652.8551867070178,663.0636028839423,673.3317353949789,684.3909546303345,694.4085632250658,705.1936600386867,716.9723292096921,728.8952395080565,740.7216047256733,750.1700737254462,759.8059704055989,769.5218384207641,780.5837167945316,792.0963017003161,803.0863732009653,813.2002661425098,822.4899514215228,831.713896775363,841.3615900398111,851.0116145293994,860.9893058815966,871.4115759044855,881.231369675448,889.936927170789,899.1703586670467,909.023697095335,918.9271277129466,928.3950396077514
14.83,620.0297435837238,600.3865127920029,601.3075123761339,604.2215750911635,603.0333562430754,603.6356608413886,608.4647448236145,613.0170622406921,617.9309285372087,622.8361142578664,628.1449418758401,601.1580387516119,609.5603141654069,603.0252743923794,601.8180641413785,610.1105544665534,606.5507681748404,602.7939263266651,602.8668408335014,601.1715457519301,604.3297543459499,607.9196483075851,601.0782978608682,600.243720025679,601.6816175565718,600.2939160656521,600.2011547195369,600.341839828463,600.2513742955518,602.4779182486989,600.133454631833,600.33794108111,600.3737772535292,600.3617369143574,600.2527183386652,600.3413382594033,600.5496558217267,601.1174602577717,601.4289173757185,609.4320417929487,619.7498428380836,631.8758198098335,645.0695358072735,659.268923012626,671.1509588414472,682.1647004140262,694.9950401128604,709.3062407423589,725.1835872550166,743.4321710923696,785.1632026021623,799.5218614050958,813.3836630428347,828.4692952471662,843.8691389959749,860.8704936146427,874.3732548075048,888.450223915051,903.3072109382051,918.746257149489,934.5147753918852,949.0081550424476,963.1369395809853,978.4985382318206,994.3933063709898,1008.0959075894253,1022.6153147654437,1036.2871758419562,1049.7446626183716,1064.5730696435608,1079.6088353948667,1094.4888558763514,1110.9549585591976,1126.4141896896758,1140.1971101454114,1155.0887332253483,1170.2931925125104,1183.6051541368213,1197.791303394438,1213.8619522291785,1228.9476465340715,1245.1930463279293,1262.4896012777738,1278.36253571635,1294.5702436379,1309.9388341195545,1324.1300959551418,1338.1635883796182,1354.2099685253504,1371.2675663931998,1387.117421755648
19.78,602.9721913309728,604.115646391833,608.8133140633388,617.414482638031,600.5343176067282,600.1081549176791,603.5038977551143,612.9397031372251,622.3203052954092,600.2140650288071,600.4633447603294,600.8063947625943,600.3741418909345,600.1966707454063,600.0884867863292,602.7890095412904,600.6603620734307,600.2239837373643,600.2343548782711,600.4546971067541,600.7275218282443,602.8741573583842,600.2251542241221,600.7816157043687,601.3596490827504,600.2017335793082,600.3088353067444,601.5072361729003,601.1889463449055,616.0245433798807,614.4327270685404,631.9932565417741,650.6000019817482,670.0355929713368,690.9660179677235,713.1002581282925,736.1741684426487,782.8517857294084,803.9692645501049,791.2800255389225,808.0915047274427,827.5151489691879,847.9249505407477,861.0799282651773,879.0987412524574,897.2228791260682,917.658039261243,939.6338497247027,963.1798827365718,989.555903686709,1038.1501076320603,1058.4737549813387,1075.62265167081,1094.7477059174935,1115.9341041013668,1138.4784147836526,1144.9322378232075,1162.2193129322714,1180.4820153818057,1201.2353653515638,1223.903773444623,1250.8554062228393,1285.8559449967274,1305.322251432991,1326.5094241791535,1347.3774657292454,1365.8277340123266,1385.2844235940718,1403.631527239105,1422.420483258695,1442.2197612353923,1460.5806303813947,1479.902971468051,1500.1291790865332,1519.4899447114187,1540.595759448706,1561.098641851931,1579.2466655294595,1598.3969288334902,1617.7960521089487,1635.8815807037915,1654.6797273297873,1673.7443897526584,1692.3738701383434,1712.824271375937,1735.371335100066,1755.1721767562585,1775.4912548278994,1796.6033496846524,1816.1299596011588,1833.3690618535775
24.72,602.2911455151565,606.0466288480674,600.2277885932684,607.6652643914601,600.6639241276549,600.01025106875,602.6990502034994,600.5515683257056,600.066344607846,600.683075589906,600.060029110652,602.1889824702572,600.4018955140173,600.2627565446156,600.1081623363627,600.7328236465245,600.167715738601,600.0468197566014,600.0057590515897,601.0533195530596,603.3078130933734,607.2352263192404,611.0682458702831,632.7091356926481,652.1269409150378,672.2043460523104,692.9361576346672,715.6990977500617,739.6464679808334,763.4099656303403,786.5897268476853,810.9462116770746,836.7260756852238,860.4043395899494,886.1713957155662,900.9508037746828,920.649530546178,941.129570910376,962.1629878415788,985.3619118881397,1008.6570010889656,1029.920549558946,1052.2717664699237,1075.4054473625724,1100.5054365017404,1126.210579952753,1154.130732709867,1183.9862845704142,1216.3128647563851,1249.2984864462621,1304.5562797198972,1295.794245817175,1320.0237826122623,1346.6685699252525,1375.9542118338527,1406.7333269620592,1405.8185112740891,1430.4351100698852,1456.93164194131,1485.879091479063,1516.7372610596642,1552.8256060465503,1601.7736049838911,1624.8573021003458,1648.1439494337742,1672.898260705836,1696.7881172793163,1724.146267929333,1752.1399668669364,1774.802091981263,1798.6006971738204,1827.9270105843266,1853.819395231416,1877.1662418205153,1902.5167261711597,1924.642504213615,1948.8535971801073,1972.6896380017306,1996.8491804019125,2023.6296998353641,2051.248009271782,2076.12837991255,2100.217991938738,2123.287697773165,2146.2324688118347,2169.742012767126,2191.570649494514,2215.8099595987624,2239.831934748864,2264.5531458274627,2290.4560544094375
29.66,600.1640154299952,601.6520001916024,601.1697956528234,600.472422380129,601.8626802447603,601.8362468054856,601.2996584215114,600.1028661169662,604.2335289665177,601.5396465201694,600.2019549145045,603.2261767565763,605.7628394520443,605.0402562285605,607.7220560179892,600.2534621848505,601.292258802382,604.2152842401675,630.6866189434014,654.2821320655905,678.8124395693525,704.610221267445,733.1697166416249,763.3950458894612,796.0576877040593,830.6310698989065,858.4921725183073,886.3362921135106,912.8208764639198,937.6147202093711,962.3904284773542,986.7908989315516,1009.7831440758875,1033.6629115771889,1057.6196363912522,1082.4074716574116,1107.9497952370548,1134.8189747896831,1162.179612245569,1190.0877964588979,1216.228741297981,1243.9788955563583,1273.2819415002937,1303.4730752509063,1336.0083885451718,1369.703415937818,1405.7145285281194,1442.010518635334,1475.3289971117301,1498.733003115827,1513.2719986094203,1544.0495360982086,1567.5527269720765,1593.842811574605,1619.6251463806507,1648.5866607641722,1678.770149040547,1710.4711666953115,1745.6900156241502,1783.3459086811265,1823.1154228787952,1868.5536163375607,1904.4727097864097,1936.4164229342973,1967.5816973223823,2004.4781298648616,2011.9246348622553,2036.5179084894783,2065.858082861306,2095.640758480714,2127.48590184489,2165.2948997531244,2201.779402944937,2243.843204160933,2278.827875864032,2311.2195378070965,2346.513820335441,2374.8814658112465,2401.2989599734033,2427.9173483692034,2457.747864041579,2487.3008446634294,2516.1954857117576,2544.762052487421,2573.275832493003,2604.386159381539,2637.147016519086,2667.361285870933,2697.968915937117,2725.314772487451,2751.71066028362
34.61,601.6892543489257,602.031233269335,603.7937386905824,600.9512908159174,601.5787337508788,600.479351897797,600.4693200163362,600.5228560678273,602.2341614507015,601.8847638107368,600.175109787143,601.583259336642,615.1809548951449,605.4515309577928,623.8947031127373,652.4887864451678,680.8906950325267,709.3442282515288,738.4683473316139,767.4519665436833,797.6980977854631,830.54008240044,864.8563615566577,901.3568387116864,941.2077375359838,983.2367931060307,1025.6283313015228,1053.180242616831,1079.638297803436,1105.3141596888001,1131.5573116190624,1158.3920135036672,1185.005170114154,1213.7982609734854,1243.7358817139263,1274.9485948021695,1306.85568640208,1340.8608343975463,1375.3012800999572,1404.8170958617995,1437.7923931706123,1471.7377025912403,1507.9235391309712,1545.8495312777598,1578.9715846310592,1607.004347406957,1635.1946548193634,1665.83381266527,1696.1192054596136,1730.853527075109,1763.9242337570874,1794.395712623053,1823.78735555029,1856.8113839796551,1889.5368295986123,1926.040582926771,1964.963572858736,2004.5704102545396,2048.2729769364064,2094.3718800556157,2132.6562879433923,2165.5915742049365,2200.136905838776,2239.8892547316673,2279.1134034655347,2324.5691794506224,2321.2651662244407,2353.163316898882,2390.156970351061,2427.8709538580747,2468.311831368004,2515.0858016541074,2560.5934092488164,2611.775148807253,2660.8289326318027,2694.272297143375,2726.0539419226748,2759.9317270781657,2791.567741619136,2825.7670977924668,2861.1555637833358,2896.2091306483526,2934.2436085902796,2977.049735683921,3012.184204676772,3041.35984720158,3073.7278270510174,3109.023276020294,3143.3770789753607,3176.425714238111,3209.867157289685
39.55,600.7282559244034,601.9881490472258,603.9936468274867,600.9508411612065,607.2583132897455,609.7329102201359,605.7438117500676,600.2775502404903,616.6046962479412,610.2132144293823,601.5702377580541,632.431427831644,663.7342016402777,694.9454755944137,727.4752776036374,758.3270678614414,789.3619799793266,821.3037460539326,854.1236726331397,888.0218674852354,924.1010046477069,962.0644573088064,1001.7669964586714,1046.985050350043,1090.4138613182367,1131.3124256927777,1169.5202261837126,1212.5928023595986,1243.8879051813567,1274.7986059994114,1306.3205098576977,1338.867987255498,1371.429411875598,1405.734563758781,1441.2130223298664,1478.4249780093069,1516.6730859246504,1556.820153990553,1593.5251185387933,1630.9609827357542,1670.3064294873498,1706.2971446069737,1736.5447676956353,1768.722124871001,1800.7189063836702,1834.777868614955,1869.223144932186,1906.4582774079395,1944.4185570682732,1983.0143627451787,2017.2156756779898,2054.211247732387,2090.256104968301,2130.6091311947966,2171.1335844057803,2214.982553049385,2262.4602524265265,2310.0042327543124,2362.072767405987,2404.137966420616,2421.83157218843,2462.1198088427427,2505.0096250028632,2552.53450467962,2599.813589042442,2654.5953754429042,2639.90744201079,2679.7646008873153,2725.29740806076,2770.7688441274036,2819.5891685472475,2875.314705910856,2930.3115851524562,2981.8996542908653,3026.2507001153153,3068.6114533063583,3084.5079662211983,3120.8729086461053,3155.67989464806,3192.7684006139675,3235.652054648363,3279.4844586392023,3325.495192937921,3376.397203540359,3431.4280496053216,3470.8743116834466,3511.2479664895327,3554.1429575558814,3595.787651942107,3639.865859001475,3683.6606906933735
44.5,605.4377660170263,600.6389890806213,604.136609084457,604.7450247076174,612.8505235721494,638.7832259452202,602.8645090983222,614.5638943671694,630.1253109131181,661.5520200450019,693.7965639215187,727.083554290337,761.2625287990065,795.7364806485184,831.8137871500653,867.6541423863016,902.0003922584864,938.0475426896669,974.918774376977,1014.1985734889404,1057.4117218156928,1102.564877915942,1149.6104025457432,1199.8864746665852,1238.5152495986817,1276.1947993023011,1314.267939225943,1384.2807272209975,1419.2155619161688,1454.7957576812344,1480.791963705613,1529.0601851861682,1567.7674174111332,1608.3597818809928,1649.3442827615022,1692.183722660221,1734.1037818101072,1775.8932646325852,1814.2516920877772,1850.9654456476107,1884.2005044285515,1920.127695859796,1956.1746976712236,1993.7757590689857,2032.1285151535328,2072.4372720709753,2113.725231039473,2158.217078144993,2200.6368801627186,2240.5024787901893,2281.364472859607,2325.0840451926542,2368.0337439282066,2415.578458795849,2464.492645941963,2513.6479445030245,2552.1942875756085,2615.52705739568,2651.7644760331063,2686.368932169657,2720.9878313975473,2759.3008760676694,2796.528088161535,2836.5822461645894,2878.1251446084834,2922.7870866133753,2969.4082830054163,3017.218908744865,3070.9066008031746,3124.5386026720653,3182.7404465501763,3240.492955372789,3284.324543884052,3329.025089749039,3384.619690199915,3440.7097585878805,3439.042424257775,3482.462753577294,3525.141044725724,3569.375959033085,3619.855180380988,3672.9693198412638,3727.3719159866996,3786.462766853288,3851.620485992421,3900.693743355359,3951.1667202855233,4000.59964087048,4052.4247177196808,4093.4506454561283,4136.0268168414905
49.44,605.1631530331354,629.05691826817,603.9881720579617,607.2114398706336,615.6485272870235,624.5242903506294,655.1211211039807,686.7448675495544,719.9376188559363,754.1571743319669,789.2975814933513,825.1819677522053,862.2466217330459,900.0776028190627,939.9260616228258,979.7719974956494,1019.0608288705266,1061.055199586969,1104.1296977465206,1148.953463817071,1196.1164869067518,1244.4954159271258,1291.2308000894222,1336.3844354207308,1376.703982694083,1417.9196472289268,1460.8183369681935,1504.5454045304152,1551.2816680720646,1600.1646715899697,1652.0815386654901,1708.061990341922,1768.553501603682,1820.4756067773437,1863.6063013838216,1906.3679650507709,1944.5798840553184,1984.2999349768816,2021.9712677920957,2061.791440619632,2100.782235414823,2142.1947697841997,2183.863534902982,2227.3251673283794,2272.2891750562003,2319.0224208523105,2366.9813690145425,2416.21180661044,2461.5771634539324,2507.690713032852,2555.197795425559,2605.802261607308,2656.6904729995013,2702.5824255930775,2744.5573122916526,2785.8453941794073,2830.6638851356984,2876.230164534982,2924.1609676735347,2974.5168892559336,3017.0125516112435,3061.3430200335597,3105.6683397687057,3152.815439752688,3201.774670164786,3254.281024165966,3307.9006089637714,3364.129953445048,3426.858224347494,3483.8794307712237,3530.3342724750905,3582.3822163841337,3630.7573402212156,3670.184238804613,3751.009020547005,3816.0549326152845,3800.6580632183677,3851.5510309047454,3902.6119602498384,3954.496008890639,4012.76992019086,4074.991113359619,4138.075502792254,4206.033203125576,4280.681237129243,4337.194898886497,4399.681441257775,4449.547865655523,4498.499545328517,4549.364691607282,4598.749636281641
54.38,600.0769187655695,616.5232422941988,619.092603470316,647.82031714334,677.8006806665574,709.3210569322698,742.7946441508788,777.220243997964,812.7261669313541,849.3761646919133,887.0973009649299,925.9079982271701,966.1605095027845,1007.9981809035461,1053.8964811593014,1100.2672700453845,1143.9461056223483,1188.9375629004235,1237.499731177451,1286.964250456184,1336.2549437083694,1383.9205328084122,1429.0926672759454,1473.7398418541634,1518.465983615606,1565.2190057594917,1613.2254310444412,1662.484482558021,1714.6535050229113,1770.8628347262393,1830.0242459661142,1893.4340369049432,1958.956905238364,2020.4650906245138,2065.8252627579586,2108.08429944162,2149.4083556881437,2192.6899763695956,2235.5949873472086,2280.799736930308,2325.6857131307534,2372.0986247893848,2420.141129433357,2469.9823323336464,2521.64194983278,2574.8697162393782,2630.34319891848,2680.6510666411536,2732.370357597509,2784.8453681431915,2837.579697619409,2880.9065101606266,2925.0832886745798,2970.138619397955,3018.2292673103,3065.9585893934395,3117.0596145826626,3170.5046591150713,3225.5050382018903,3274.3236413230093,3321.6491116471293,3372.703705454417,3424.8284029919782,3478.600745273445,3534.677545996198,3595.049027843772,3656.686142669783,3716.5733623156125,3768.555255309732,3818.945869511355,3872.8378171077516,3931.279481006006,3973.2406076911298,4019.1108092139207,4126.114758434077,4200.7951657277545,4171.313574249292,4229.35332883276,4288.620100878455,4348.380943024412,4414.893311443522,4486.465663653378,4558.469865438395,4629.789860052909,4683.134855031342,4726.506675372745,4833.8370319118685,4892.519910349983,4947.091836131354,,
59.33,642.3444903698022,669.9934718152768,699.0715197884829,730.7846461693289,763.6924203796526,797.6325427298463,833.3357139068612,870.0319307020883,907.7571952080999,947.1318241901145,987.7187173886416,1031.3120126078838,1077.2144372565203,1124.3339364677934,1172.9688841809007,1224.086294254445,1274.5316640672643,1326.4439940518746,1377.749861326386,1426.8741978290398,1475.0466808978197,1522.1203615607296,1568.5816668452424,1616.3574385804923,1665.450553418478,1716.8760652116177,1771.263057432348,1826.8862623788011,1885.2395224793263,1947.8493323951016,2014.3956471561212,2086.2373479070393,2145.9363255707667,2198.6707810933817,2251.4360039266417,2303.8693110760687,2361.18078230147,2409.243784621718,2457.877909906452,2508.554484341583,2559.357947108385,2611.6535334666028,2666.5694714954157,2722.1762028895178,2780.6707734172073,2840.356339151597,2899.1894241606756,2954.8965352166106,3001.5143704661173,3049.4647758236733,3094.756198322215,3144.415735177012,3194.963115742247,3245.904166027731,3300.215461944323,3355.207818622116,3413.038751866549,3473.84547003333,3528.0916710911106,3581.623617123749,3635.7933675477875,3693.5818312091355,3753.2313956039366,3813.8980387030792,3877.871860257029,3941.408865084131,3992.6090849430816,4045.581329356566,4104.689861800811,4162.844910579642,4222.943059773816,4275.3798565005645,4323.929864983632,4376.807877096951,4510.539803769969,4588.449300076437,4550.747851378797,4616.516011927343,4684.700107481777,4752.215644542359,4826.890343161381,4908.496905292654,4978.824988095237,,,,,,,,
64.27,720.5020661983839,751.2068134742972,783.2209057643356,816.7449974633666,851.8987752386224,888.035668948261,925.8275559974404,964.9728588918214,1005.4648231259745,1050.001384775072,1095.9382144811218,1142.6737163698297,1190.836808938167,1242.774815842439,1295.7825722854268,1349.107735733885,1401.8462738592661,1453.612929819063,1505.1338294632287,1557.7441263937553,1609.8461536874613,1659.4252024503414,1709.690048464424,1763.3060202109045,1818.0600694562092,1874.6798683541924,1934.1237746101012,1996.0592938581885,2061.776183682369,2130.7007413739,2200.711520847396,2266.7610201370294,2321.787026160387,2376.087023777025,2434.057665754538,2492.8600735046393,2580.86742795746,2634.491648218675,2688.1001258390775,2744.17467825205,2801.0358520377326,2859.430367086274,2920.6333297545557,2982.824005229929,3048.264241027548,3103.4714880939678,3153.6058561802556,3204.8179581874824,3254.5780516088853,3308.183523825749,3359.788122756262,3415.0083599996487,3471.7811417207154,3528.82945175688,3589.707962974845,3651.7789631436594,3716.4451736366864,3778.492071147819,3836.4945677903797,3897.2986089463006,3958.205276438052,4022.5222734435333,4090.118080504742,4152.660490656026,4205.149452229918,4263.344273644835,4321.288426978501,4381.37693635088,4447.720137896666,4513.293859740873,4567.480950538377,4626.8572449444255,4682.041081626731,4741.614432982912,4890.218381942628,4945.84090011101,4937.901154877368,,,,,,,,,,,,,,
69.22,802.5716382461854,835.5828061257074,869.8285215009564,905.1545879755345,942.4885263136213,980.9080040774512,1022.1375587316627,1066.1582982931618,1111.2373608355745,1157.5643813798085,1205.857146530367,1258.4403038056369,1312.0097529258871,1366.2948594734492,1420.2007573279125,1473.4802031298757,1526.561216809146,1579.9361105687879,1634.4440785282745,1690.2043302087677,1747.7364095563587,1802.4305337535995,1857.6717835467966,1915.0763243884685,1975.406530868149,2038.2794838323098,2103.282390000137,2171.234782885209,2243.881007612248,2317.687627703467,2381.3763512342525,2440.5895435082593,2498.8688616374575,2558.892564680299,2622.209356580768,2686.9205196678236,2755.4714552353007,2828.2255214332126,2903.519968737132,2986.5353962419504,3051.6028200828864,3115.187522130656,3179.1441027894107,3238.132007321411,3295.485206993101,3349.050362066628,3403.6305998375938,3459.9073047279403,3515.2910693079434,3574.6780171512814,3632.1030519101496,3693.5957678847776,3756.6111112734948,3819.937350240465,3888.1133532892645,3957.142273816846,4028.5767752693414,4089.7646856041492,4154.291587640391,4221.971925125051,4289.540953360349,4350.8662704231565,4409.585845214682,4469.043478677401,4528.082922379914,4593.286658504253,4658.214298729369,4725.124538760171,4798.712720371509,4859.827080662628,4920.267979079446,4986.177778896082,,,,,,,,,,,,,,,,,,,
74.16,887.5188161683749,922.1332417737248,958.424308589466,995.7378585490158,1037.20031117952,1080.2820802294898,1124.5973939195042,1170.1262736691322,1218.190657259514,1270.276205438656,1324.3308030616633,1379.096425471278,1433.4977229687306,1487.6728254312814,1541.4136096578352,1595.5355727758094,1650.8761708769835,1707.4654465480126,1767.5154985900763,1828.7791432990718,1889.7725677851695,1949.016124661421,2009.6574652496759,2072.6695212252616,2137.716384673386,2205.8657665411456,2277.7064143605803,2351.602917193494,2427.108740787188,2494.1510446353655,2554.139995679254,2616.28544065038,2679.7727151956765,2745.5326987591175,2814.6653132726715,2885.276295168192,2960.463601685563,3040.089505298042,3122.702690754105,3213.660643180486,3306.932515438064,3366.828504649224,3426.439010338616,3482.685621383255,3541.382287695691,3599.4906600202485,3659.982000358306,3721.4296441814195,3782.33635856899,3847.9853484368246,3911.503306341998,3978.9090907834006,4048.698815767714,4118.659026928166,4193.583345777208,4269.6852329961675,4340.851857531395,4408.748602875675,4479.4949195505105,4539.255328494059,4601.662505388546,4661.049706817455,4726.042163365871,4791.621163208674,4857.532896732963,4929.4869628013375,,,,,,,,,,,,,,,,,,,,,,,,,
79.1,974.5169254590361,1011.4125882148323,1051.9977043019248,1093.7530549141284,1136.8599679364293,1181.296512025708,1229.3147502674594,1280.2649032284876,1332.8338209849799,1387.3457044221523,1442.4557958325395,1497.2028444581288,1551.2203696430092,1605.8311319149177,1661.7023710168994,1719.234469406456,1779.6870258119661,1841.1912635956444,1903.9899750582222,1970.5930793396867,2037.5988053261499,2100.63683211981,2166.110134143089,2234.514971813657,2305.295241621491,2378.953377118735,2456.100597956887,2529.555292581298,2599.056692582183,2664.0023852901177,2729.1471764291196,2796.4282077639778,2865.0730976607156,2936.3831504909863,3011.649621788769,3088.365216596463,3170.360056619986,3257.1987506352643,3347.554423471926,3443.9481738492245,3523.0363068008874,3594.5186599627355,3663.4217645654926,3730.1473712576935,3793.484213938935,3857.4602560879457,3923.1873144672118,3989.8514606925437,4056.994699962024,4128.484002203489,4198.0561790629445,4271.587374840303,4348.2821156623595,4425.057947890999,4506.566013692867,4585.161200939777,4653.38503021854,4717.196714062786,4778.925661846817,4844.0348871617725,4911.926577240483,4977.386454029478,,,,,,,,,,,,,,,,,,,,,,,,,,,,,
84.05,1067.385068691509,1107.5915893037693,1149.3484462107424,1192.334359840254,1239.5365933283356,1289.153213199502,1340.9500008664295,1394.0408315875964,1447.4261234663938,1502.2465523956719,1557.128593928158,1612.0983725355752,1668.165671429355,1726.2821379161735,1787.0248274072444,1848.5626979098836,1911.7165924456547,1978.3048668545407,2046.7040121653365,2117.190788330561,2189.0571134612637,2257.5566280801595,2327.9987037168,2400.8402538221662,2478.143943095934,2558.508726752695,2635.395455815651,2702.9230699797904,2770.4791402294272,2838.3694568183973,2908.223477923757,2981.096578707035,3055.1659252077584,3132.059405168471,3213.616615194468,3297.198554943141,3385.683478185709,3479.811092575675,3576.48088085175,3665.4039877081073,3735.3557257971283,3811.0785640901377,3885.846851442032,3967.058585492554,4048.8971612298437,4122.433021557433,4193.75340944648,4265.829937962469,4338.985745695797,4416.7823287134015,4492.2928883795985,4572.7433807759,4656.311947401893,4738.372442820013,4816.475541939761,4882.0494655023995,4947.617480215527,,,,,,,,,,,,,,,,,,,,,,,,,,,,,,,,,,
88.99,1162.2543923290561,1203.800272952736,1249.647289491591,1297.2779945161678,1347.2628982301355,1399.2326729120987,1451.9849385199266,1505.4074785255768,1559.0826917072077,1614.235616471361,1670.7643835492438,1729.0936772292089,1789.7709296085936,1851.3541787238958,1914.654081699118,1980.9010362161257,2049.0477237630307,2119.260339006662,2191.949115688023,2268.1280315003405,2345.390496751298,2417.7960876748534,2494.3988615942517,2573.5304889585004,2652.807428914642,2730.2992448406094,2802.2071020383696,2871.415063894983,2943.6453538765963,3016.4911928438114,3091.195306800526,3169.387927620649,3249.532786913761,3332.2995907675977,3419.698211484748,3510.3162876713955,3605.260031401059,3707.0581889532677,3796.196681781239,3874.3379104651835,3949.739318014478,4031.306673042505,4111.7180358635605,4199.171912869154,4287.413363148134,4382.669773215904,4470.537412412517,4548.487942618902,4627.820391488243,4711.5418088139295,4793.602809884748,4880.643854288275,4964.207540830838,,,,,,,,,,,,,,,,,,,,,,,,,,,,,,,,,,,,,,
93.94,1260.611168466378,1306.0475399776988,1354.0111634628022,1403.8401515210637,1455.0533653906082,1507.7105680789095,1560.936656871209,1615.0354299083842,1670.5477103037003,1728.7201059202223,1789.4980042354907,1850.936787407369,1913.8543178844977,1979.9543611105637,2047.886627021232,2117.333006225442,2189.391307725293,2264.901061999334,2342.4384862324705,2422.7960063649807,2506.785128317823,2584.247275762862,2664.866724423666,2740.240283990641,2816.7834445877556,2895.717976440117,2970.6559713929446,3044.2820144509483,3120.81407166712,3198.949185390186,3279.422878674505,3362.467076861668,3448.4640634251755,3537.272604711893,3630.7888919501497,3728.470789828948,3829.796456342526,3925.9554755043796,4005.5425073306837,4087.3201043428508,4168.294774787998,4255.534793157894,4342.090958115409,4435.8401360851885,4531.063874398677,4633.122636928224,4740.4202830299455,4838.642292447777,4924.10793742983,,,,,,,,,,,,,,,,,,,,,,,,,,,,,,,,,,,,,,,,,,
98.88,1361.350053670741,1408.8000741418368,1458.3096135219487,1509.2547839564668,1561.262861162492,1614.6188627287604,1669.4615853392365,1726.5974465709266,1786.2868432608375,1847.3060841888962,1909.936597124647,1975.662653803288,2042.9026913642176,2111.8746727701737,2183.4669545329634,2257.6631194299443,2334.1887465073937,2413.263593136693,2496.9132079321935,2582.5968733552572,2665.25356660561,2742.4261498985848,2819.435224804731,2897.9274138500405,2979.57060017568,3063.3088792614817,3142.0867983502026,3220.778840161054,3302.1836544883768,3384.9480743807685,3471.1015288915873,3559.313687295182,3651.2363365274787,3746.276015497527,3846.27151189059,3950.9753262793542,4049.6831533083637,4134.33660738909,4216.548831736346,4303.36617825817,4390.159281615337,4483.207813640323,4576.099710454012,4676.110188516624,4778.26239040895,4887.394421171648,,,,,,,,,,,,,,,,,,,,,,,,,,,,,,,,,,,,,,,,,,,,,
103.83,1462.8132959102643,1511.7509034999448,1562.369634817023,1614.2751203186717,1667.8167067319853,1723.8216557722885,1782.7498104531217,1842.739958713999,1903.9078618806138,1969.0051637787506,2035.8283087223413,2104.0381893011495,2174.697530361447,2248.060521158251,2323.83940933223,2400.8743624766544,2483.159849244165,2567.6227435098767,2652.62076492689,2735.6923123861875,2815.8052119306676,2895.219694806307,2977.0463668682933,3060.037069431374,3145.813454929652,3235.1248825964617,3318.0517098909027,3401.0821481630887,3487.936919156065,3575.3420107423917,3667.1052439678333,3760.9036578880005,3858.890192363732,3960.3007748225846,4066.308524338704,4167.846277304768,4256.81045276871,4344.021784918371,4431.498947869528,4524.035184436869,4616.245888066424,4715.385283051373,4814.372185102045,4920.950476970493,,,,,,,,,,,,,,,,,,,,,,,,,,,,,,,,,,,,,,,,,,,,,,,
108.77,1564.4600579222176,1614.6234142322983,1666.6814029169568,1721.0027578195688,1778.4862793039297,1837.3344872905586,1897.4278939183926,1961.2061842616713,2026.5408797506461,2093.83002956986,2163.7936300294687,2235.97748913576,2310.487155310561,2386.678146041944,2467.3939753790182,2549.8679122897156,2634.547098926134,2720.020309029967,2803.9506956100545,2885.7876412988085,2968.112661662071,3051.6742712535042,3137.2123851470055,3225.4410051777872,3315.61103067117,3409.7183910923886,3497.4845430231676,3584.90642050829,3676.9888735826707,3769.580730404076,3866.8490794637655,3966.4895132313713,4070.514206565203,4178.335448756584,4286.105913031353,4375.637144326071,4464.544179571058,4556.971266484059,4649.59688534101,4747.8109555673245,4845.648733705933,4950.756568025496,,,,,,,,,,,,,,,,,,,,,,,,,,,,,,,,,,,,,,,,,,,,,,,,,
113.71,1666.8693083860915,1719.3077448438792,1775.1481163227427,1832.2930442922031,1890.868123033481,1953.070896508798,2017.2041866298675,2083.1373167030524,2151.3357968949963,2222.079613099179,2295.7617312643447,2370.8429409797063,2449.309540260508,2530.74589348741,2614.398702947062,2699.7323449976357,2785.811912840238,2870.736080227632,2954.178884656649,3037.583489823711,3123.017994244547,3211.4526783364854,3301.161038069864,3393.755953535476,3489.0851847202225,3587.830356376666,3680.573021963474,3772.8484542142482,3869.889927370388,3968.024017258346,4070.7606720333483,4176.216468944851,4286.07123976027,4392.400056474746,4488.917397561824,4581.822042325877,4675.732656768043,4773.304196404902,4871.258091746331,4974.930571477572,,,,,,,,,,,,,,,,,,,,,,,,,,,,,,,,,,,,,,,,,,,,,,,,,,,
118.66,1773.5377085356456,1828.7571054354432,1885.61170999791,1945.7260630986225,2008.0995055085932,2072.63455538717,2139.3423676713096,2208.179741342256,2280.1583635928114,2353.927625088193,2430.6037534310276,2510.6777253544205,2592.2440966274403,2677.2817475028005,2764.334948751,2850.2255443892623,2934.9748840064535,3019.329544707674,3104.4314468763846,3192.5258379818656,3282.3032047233723,3374.461559907304,3469.102286111056,3566.006410013998,3666.2330010390965,3770.3388075785538,3867.658192053134,3965.187364192414,4067.179151745418,4170.7550388714935,4279.041465239874,4390.566752254802,4503.036847267284,4598.755625767926,4694.183558261469,4791.665626043238,4890.728116971943,4993.331583717798,,,,,,,,,,,,,,,,,,,,,,,,,,,,,,,,,,,,,,,,,,,,,,,,,,,,,
123.6,1881.7495946950453,1939.647866512147,2000.04879310411,2062.6182457242885,2127.3356301894305,2194.4162525613765,2264.7699746002854,2336.8048318617725,2410.8339668467625,2489.383003711882,2569.658019091683,2652.8666527828273,2738.6768573677214,2825.763171929606,2912.246899698229,2995.9973010289013,3080.9850853570806,3169.2166923060113,3258.872315993977,3350.11072395645,3444.3310124019263,3540.57186429295,3639.5384790611743,3741.570062599417,3846.432500780316,3956.224990642531,4058.215792819748,4160.775180624173,4267.887532306275,4377.013936567849,4491.318617628848,4602.109846127727,4704.504685103876,4801.936055785084,4902.230255166817,,,,,,,,,,,,,,,,,,,,,,,,,,,,,,,,,,,,,,,,,,,,,,,,,,,,,,,,
128.55,1994.1260127429823,2054.5238733359147,2117.0547576894596,2182.0477191695363,2250.133965547622,2320.470162936112,2392.4357236144942,2468.7538266206884,2547.009991034891,2627.8335603553014,2712.1474929850006,2798.9916861652596,2885.258524516835,2969.886494005991,3055.1181396959037,3141.805880222838,3231.231957350922,3322.449243599173,3415.9372611742124,3511.306379682422,3609.2837662515362,3710.423536523443,3813.6429000724384,3920.876303071461,4030.7607353543954,4145.854141350256,4252.862447636595,4360.473670205641,4473.19665640548,4587.751411310293,4696.04945958496,4805.20198141844,4906.89554291245,,,,,,,,,,,,,,,,,,,,,,,,,,,,,,,,,,,,,,,,,,,,,,,,,,,,,,,,,,
133.49,2108.5081279262754,2171.3206193605706,2236.9302178393705,2304.99502795608,2374.9734264475355,2448.6993681233685,2525.1202524590676,2603.239403221734,2685.030687641073,2769.84691218044,2855.856931502057,2941.0933911272127,3025.4392538876723,3111.3090695292994,3200.715957748994,3290.660281892723,3383.37908216623,3478.6636515550626,3575.615141874347,3675.307279687887,3777.6554424156147,3883.022607725027,3991.2753195585283,4102.947549779211,4218.232879110937,4338.405440467423,4451.066600136415,4563.7394443369485,4671.104543580272,4779.862313383103,4892.245081392682,,,,,,,,,,,,,,,,,,,,,,,,,,,,,,,,,,,,,,,,,,,,,,,,,,,,,,,,,,,,
138.43,2225.8781919499197,2291.6553190861173,2359.3644429046326,2429.9871627279153,2504.262640901287,2580.3768153917163,2659.322499537429,2741.251432042503,2825.495404331303,2910.505329553187,2994.37623821832,3079.2982776398962,3167.077053702012,3256.8564197061683,3348.7886411638087,3442.585653723557,3538.6915326428693,3637.48312434796,3738.8168998494475,3842.199411103254,3949.472045920095,4058.931304741113,4172.156560360993,4288.476287970448,4409.23574563291,4531.879201293866,4640.2323632713305,4749.504733340562,4860.870330220518,4974.2048313265195,,,,,,,,,,,,,,,,,,,,,,,,,,,,,,,,,,,,,,,,,,,,,,,,,,,,,,,,,,,,,
143.38,2346.2679046739754,2413.9122936614463,2485.759325890942,2559.362848885844,2635.3626899124374,2714.3424283819963,2796.2416326594007,2879.511872639113,2962.5820621648904,3046.407001183758,3132.521789707912,3221.4892865704724,3311.716807846265,3404.7172284865337,3500.1783715652905,3596.959458692253,3697.3703663485626,3799.4837374100766,3905.2281463792233,4012.841218568105,4124.406079117153,4238.526914066019,4356.475711185559,4478.281943054399,4598.707803413373,4713.93373730147,4824.397063260039,4938.122716361098,,,,,,,,,,,,,,,,,,,,,,,,,,,,,,,,,,,,,,,,,,,,,,,,,,,,,,,,,,,,,,,
148.32,2469.473351475704,2540.6337035958654,2613.7225721680575,2689.279776473215,2767.874919872726,2848.8572618940784,2930.968755701492,3013.369056759616,3097.005074527004,3184.5998534605187,3273.8061830036518,3365.3812440435117,3459.216496605654,3555.219287126088,3654.0244370530136,3754.7924565813983,3858.405544487682,3965.0710450327756,4074.2325642976616,4186.379093342449,4301.862398395038,4421.170411674441,4543.687256936011,4665.974008484994,4781.9136560498255,4896.565114412132,,,,,,,,,,,,,,,,,,,,,,,,,,,,,,,,,,,,,,,,,,,,,,,,,,,,,,,,,,,,,,,,,
153.27,2595.2635255758523,2667.6307315578742,2742.5719790841104,2820.243491947548,2900.348928554267,2981.2050895144794,3063.4005798211,3148.382887335284,3235.887849564816,3325.411793375085,3417.765930898354,3512.471790319422,3609.0102487881063,3709.02963929093,3810.6994876719755,3915.654840122275,4022.8922224046332,4133.4467093110825,4246.760104474511,4363.161905561367,4483.6342124910325,4607.292773779371,4732.622580027769,4849.56169254979,4963.767348830216,,,,,,,,,,,,,,,,,,,,,,,,,,,,,,,,,,,,,,,,,,,,,,,,,,,,,,,,,,,,,,,,,,
158.21,2720.274000787569,2794.4002402376204,2871.2207247875426,2950.0251534796193,3030.3904298729362,3112.6609591942515,3198.5646473939423,3285.9854602491814,3376.090111578528,3468.896194467627,3563.9261351036616,3661.9125704174107,3761.969129247816,3865.007607047954,3970.693125010026,4078.7829282333237,4190.121869920169,4304.060852191187,4422.185655012458,4542.7707500081415,4668.2054042308555,4793.459661216035,4912.41353165991,,,,,,,,,,,,,,,,,,,,,,,,,,,,,,,,,,,,,,,,,,,,,,,,,,,,,,,,,,,,,,,,,,,,
163.15,2845.225882743162,2921.3166405013067,2999.3855559207436,3079.0542907930817,3162.33105208152,3247.930971922324,3335.7377217398175,3426.215095712602,3519.0803537365086,3614.3596169458733,3713.1245495710104,3813.6725251587864,3917.647229178517,4023.889419551271,4133.10022636777,4244.977625266142,4360.075219090603,4478.467337903832,4600.435373351051,4725.308833305496,4850.884388485426,4971.668078308318,,,,,,,,,,,,,,,,,,,,,,,,,,,,,,,,,,,,,,,,,,,,,,,,,,,,,,,,,,,,,,,,,,,,,
168.1,2971.2379812480326,3048.6905525635084,3128.5698736979507,3211.7703638796042,3296.899899480687,3385.1157456613855,3475.9816774742712,3568.8900366318912,3664.886653174057,3763.3380785928803,3864.9223927334615,3969.2295252072813,4076.0323821900774,4186.043872626419,4298.207853829457,4414.561571528618,4533.36166254234,4656.168479673146,4781.535114680258,4906.886052028616,,,,,,,,,,,,,,,,,,,,,,,,,,,,,,,,,,,,,,,,,,,,,,,,,,,,,,,,,,,,,,,,,,,,,,,
173.04,3097.4067665353805,3178.1891937993355,3260.754757068732,3345.8904357758115,3434.040551247902,3524.707936021642,3617.8913026748646,3714.302719083375,3812.546859541383,3914.670702727182,4019.161811892394,4126.728742516163,4237.038963670981,4350.372667907313,4466.740970411832,4586.460455906082,4709.419113482667,4835.697684626801,4962.64738747907,,,,,,,,,,,,,,,,,,,,,,,,,,,,,,,,,,,,,,,,,,,,,,,,,,,,,,,,,,,,,,,,,,,,,,,,
177.99,3227.769478358804,3309.9308232829967,3394.9941629325176,3482.930245688407,3573.3098994811717,3666.9886883377926,3763.1111009069646,3862.1386053165625,3963.9196300497633,4068.5877675908428,4176.556827480531,4286.946431821643,4401.206796512589,4517.891759928944,4638.217563207176,4761.651636751496,4888.824420353604,,,,,,,,,,,,,,,,,,,,,,,,,,,,,,,,,,,,,,,,,,,,,,,,,,,,,,,,,,,,,,,,,,,,,,,,,,
182.93,3359.163909340885,3444.1813415033707,3531.5499525358423,3621.6176217955162,3715.3044978881844,3810.969553189977,3910.590613774675,4012.295445565691,4117.009694308616,4224.9941551570055,4335.865413996022,4450.286064341611,4567.578196359383,4688.18344483739,4811.806644476772,4939.428536329109,,,,,,,,,,,,,,,,,,,,,,,,,,,,,,,,,,,,,,,,,,,,,,,,,,,,,,,,,,,,,,,,,,,,,,,,,,,
187.87,3493.0484409149,3580.093753681587,3670.3986056922954,3763.121320174516,3859.262320966145,3958.2917194930014,4060.2574552068654,4165.194793004626,4272.607702172364,4383.99710568145,4497.975410450068,4615.9827542157855,4736.7923084143795,4861.13302896233,4988.193026588419,,,,,,,,,,,,,,,,,,,,,,,,,,,,,,,,,,,,,,,,,,,,,,,,,,,,,,,,,,,,,,,,,,,,,,,,,,,,
192.82,3629.1711927010942,3719.3187530244036,3811.374627766769,3907.3806080744052,4006.017048137331,4107.710007446993,4212.894513614789,4320.366422634761,4431.599025657011,4545.77282999409,4663.583124642184,4784.499336159014,4909.165000394354,,,,,,,,,,,,,,,,,,,,,,,,,,,,,,,,,,,,,,,,,,,,,,,,,,,,,,,,,,,,,,,,,,,,,,,,,,,,,,
197.76,3767.532340124213,3860.0862537355374,3955.3108754860236,4053.4523337208343,4155.128991400245,4259.448398081763,4367.604122602571,4478.313049638697,4592.454579572094,4709.990284901512,4831.022609533001,4955.545183581343,,,,,,,,,,,,,,,,,,,,,,,,,,,,,,,,,,,,,,,,,,,,,,,,,,,,,,,,,,,,,,,,,,,,,,,,,,,,,,,
202.71,3908.6766857497414,4003.509398059221,4101.1683140796285,4202.358855368094,4306.251975224889,4414.222969145725,4524.999802241803,4639.194821349396,4756.249058244693,4877.237142447922,,,,,,,,,,,,,,,,,,,,,,,,,,,,,,,,,,,,,,,,,,,,,,,,,,,,,,,,,,,,,,,,,,,,,,,,,,,,,,,,,
207.65,4051.49330421084,4149.2017885212645,4249.406891315863,4353.14356106215,4460.413164619781,4570.797095044053,4684.900759478523,4801.71753111942,4922.365832789699,,,,,,,,,,,,,,,,,,,,,,,,,,,,,,,,,,,,,,,,,,,,,,,,,,,,,,,,,,,,,,,,,,,,,,,,,,,,,,,,,,
212.59,4196.747495933281,4296.474110336388,4400.083639142927,4506.213330391156,4616.670732242884,4729.782068768407,4846.600713859356,4966.966061085681,,,,,,,,,,,,,,,,,,,,,,,,,,,,,,,,,,,,,,,,,,,,,,,,,,,,,,,,,,,,,,,,,,,,,,,,,,,,,,,,,,,
217.54,4344.300627024591,4447.391952791918,4553.104418180801,4662.541170690399,4774.932186102407,4890.371019597773,,,,,,,,,,,,,,,,,,,,,,,,,,,,,,,,,,,,,,,,,,,,,,,,,,,,,,,,,,,,,,,,,,,,,,,,,,,,,,,,,,,,,
222.48,4493.862759464098,4599.789282016707,4708.20231511777,4819.070521908565,4933.370045996,,,,,,,,,,,,,,,,,,,,,,,,,,,,,,,,,,,,,,,,,,,,,,,,,,,,,,,,,,,,,,,,,,,,,,,,,,,,,,,,,,,,,,
227.43,4646.515765501713,4754.138332703068,4863.274068653857,4975.794680187716,,,,,,,,,,,,,,,,,,,,,,,,,,,,,,,,,,,,,,,,,,,,,,,,,,,,,,,,,,,,,,,,,,,,,,,,,,,,,,,,,,,,,,,
232.37,4799.0513362643505,4906.965379279162,,,,,,,,,,,,,,,,,,,,,,,,,,,,,,,,,,,,,,,,,,,,,,,,,,,,,,,,,,,,,,,,,,,,,,,,,,,,,,,,,,,,,,,,,
237.31,4949.786513680049,,,,,,,,,,,,,,,,,,,,,,,,,,,,,,,,,,,,,,,,,,,,,,,,,,,,,,,,,,,,,,,,,,,,,,,,,,,,,,,,,,,,,,,,,,
242.26,,,,,,,,,,,,,,,,,,,,,,,,,,,,,,,,,,,,,,,,,,,,,,,,,,,,,,,,,,,,,,,,,,,,,,,,,,,,,,,,,,,,,,,,,,,
